[
{"fullname": "Albert Einstein", "born_date": "March 14, 1879", "born_location": "in Ulm, Germany", "author_url_description": "http://quotes.toscrape.com/author/Albert-Einstein/"},
{"fullname": "J.K. Rowling", "born_date": "July 31, 1965", "born_location": "in Yate, South Gloucestershire, England, The United Kingdom", "author_url_description": "http://quotes.toscrape.com/author/J-K-Rowling/"},
{"fullname": "Marilyn Monroe", "born_date": "June 01, 1926", "born_location": "in The United States", "author_url_description": "http://quotes.toscrape.com/author/Marilyn-Monroe/"},
{"fullname": "Mark Twain", "born_date": "November 30, 1835", "born_location": "in Florida, Missouri, The United States", "author_url_description": "http://quotes.toscrape.com/author/Mark-Twain/"},
{"fullname": "Eleanor Roosevelt", "born_date": "October 11, 1884", "born_location": "in The United States", "author_url_description": "http://quotes.toscrape.com/author/Eleanor-Roosevelt/"},
{"fullname": "Jane Austen", "born_date": "December 16, 1775", "born_location": "in Steventon Rectory, Hampshire, The United Kingdom", "author_url_description": "http://quotes.toscrape.com/author/Jane-Austen/"},
{"fullname": "Steve Martin", "born_date": "August 14, 1945", "born_location": "in Waco, Texas, The United States", "author_url_description": "http://quotes.toscrape.com/author/Steve-Martin/"},
{"fullname": "André Gide", "born_date": "November 22, 1869", "born_location": "in Paris, France", "author_url_description": "http://quotes.toscrape.com/author/Andre-Gide/"},
{"fullname": "Thomas A. Edison", "born_date": "February 11, 1847", "born_location": "in Milan, Ohio, The United States", "author_url_description": "http://quotes.toscrape.com/author/Thomas-A-Edison/"},
{"fullname": "Allen Saunders", "born_date": "April 24, 1899", "born_location": "in The United States", "author_url_description": "http://quotes.toscrape.com/author/Allen-Saunders/"},
{"fullname": "Douglas Adams", "born_date": "March 11, 1952", "born_location": "in Cambridge, England, The United Kingdom", "author_url_description": "http://quotes.toscrape.com/author/Douglas-Adams/"},
{"fullname": "Bob Marley", "born_date": "February 06, 1945", "born_location": "in Nine Mile, Saint Ann, Jamaica", "author_url_description": "http://quotes.toscrape.com/author/Bob-Marley/"},
{"fullname": "Friedrich Nietzsche", "born_date": "October 15, 1844", "born_location": "in Röcken bei Lützen, Prussian Province of Saxony, Germany", "author_url_description": "http://quotes.toscrape.com/author/Friedrich-Nietzsche/"},
{"fullname": "Elie Wiesel", "born_date": "September 30, 1928", "born_location": "in Sighet, Romania", "author_url_description": "http://quotes.toscrape.com/author/Elie-Wiesel/"},
{"fullname": "Dr. Seuss", "born_date": "March 02, 1904", "born_location": "in Springfield, MA, The United States", "author_url_description": "http://quotes.toscrape.com/author/Dr-Seuss/"},
{"fullname": "Jim Henson", "born_date": "September 24, 1936", "born_location": "in Greenville, Mississippi, The United States", "author_url_description": "http://quotes.toscrape.com/author/Jim-Henson/"},
{"fullname": "Mother Teresa", "born_date": "August 26, 1910", "born_location": "in Skopje, Macedonia, the Former Yugoslav Republic of", "author_url_description": "http://quotes.toscrape.com/author/Mother-Teresa/"},
{"fullname": "Garrison Keillor", "born_date": "August 07, 1942", "born_location": "in Anoka, Minnesota, The United States", "author_url_description": "http://quotes.toscrape.com/author/Garrison-Keillor/"},
{"fullname": "Pablo Neruda", "born_date": "July 12, 1904", "born_location": "in Parral, Chile", "author_url_description": "http://quotes.toscrape.com/author/Pablo-Neruda/"},
{"fullname": "Ralph Waldo Emerson", "born_date": "May 25, 1803", "born_location": "in Boston, Massachusetts, The United States", "author_url_description": "http://quotes.toscrape.com/author/Ralph-Waldo-Emerson/"},
{"fullname": "Jorge Luis Borges", "born_date": "August 24, 1899", "born_location": "in Buenos Aires, Argentina", "author_url_description": "http://quotes.toscrape.com/author/Jorge-Luis-Borges/"},
{"fullname": "George Eliot", "born_date": "November 22, 1819", "born_location": "in South Farm, Arbury Hall, Nuneaton, Warwickshire, The United Kingdom", "author_url_description": "http://quotes.toscrape.com/author/George-Eliot/"},
{"fullname": "Charles M. Schulz", "born_date": "November 26, 1922", "born_location": "in Minneapolis, MN, The United States", "author_url_description": "http://quotes.toscrape.com/author/Charles-M-Schulz/"},
{"fullname": "William Nicholson", "born_date": "January 12, 1948", "born_location": "in Lewes, Sussex, The United Kingdom", "author_url_description": "http://quotes.toscrape.com/author/William-Nicholson/"},
{"fullname": "James Baldwin", "born_date": "August 02, 1924", "born_location": "in Harlem, New York, The United States", "author_url_description": "http://quotes.toscrape.com/author/James-Baldwin/"},
{"fullname": "Martin Luther King Jr.", "born_date": "January 15, 1929", "born_location": "in Atlanta, Georgia, The United States", "author_url_description": "http://quotes.toscrape.com/author/Martin-Luther-King-Jr/"},
{"fullname": "C.S. Lewis", "born_date": "November 29, 1898", "born_location": "in Belfast, Ireland", "author_url_description": "http://quotes.toscrape.com/author/C-S-Lewis/"},
{"fullname": "George R.R. Martin", "born_date": "September 20, 1948", "born_location": "in Bayonne, New Jersey, The United States", "author_url_description": "http://quotes.toscrape.com/author/George-R-R-Martin/"},
{"fullname": "Helen Keller", "born_date": "June 27, 1880", "born_location": "in Tuscumbia, Alabama, The United States", "author_url_description": "http://quotes.toscrape.com/author/Helen-Keller/"},
{"fullname": "Ernest Hemingway", "born_date": "July 21, 1899", "born_location": "in Oak Park, Illinois, The United States", "author_url_description": "http://quotes.toscrape.com/author/Ernest-Hemingway/"},
{"fullname": "George Bernard Shaw", "born_date": "July 26, 1856", "born_location": "in Dublin, Ireland", "author_url_description": "http://quotes.toscrape.com/author/George-Bernard-Shaw/"},
{"fullname": "Alexandre Dumas-fils", "born_date": "July 27, 1824", "born_location": "in Paris, France", "author_url_description": "http://quotes.toscrape.com/author/Alexandre-Dumas-fils/"},
{"fullname": "Stephenie Meyer", "born_date": "December 24, 1973", "born_location": "in Connecticut, The United States", "author_url_description": "http://quotes.toscrape.com/author/Stephenie-Meyer/"},
{"fullname": "Haruki Murakami", "born_date": "January 12, 1949", "born_location": "in Kyoto, Japan", "author_url_description": "http://quotes.toscrape.com/author/Haruki-Murakami/"},
{"fullname": "J.R.R. Tolkien", "born_date": "January 03, 1892", "born_location": "in Bloemfontein, Mangaung, Free State, South Africa", "author_url_description": "http://quotes.toscrape.com/author/J-R-R-Tolkien/"},
{"fullname": "Suzanne Collins", "born_date": "August 11, 1962", "born_location": "in Hartford, Connecticut, The United States", "author_url_description": "http://quotes.toscrape.com/author/Suzanne-Collins/"},
{"fullname": "Charles Bukowski", "born_date": "August 16, 1920", "born_location": "in Andernach, Germany", "author_url_description": "http://quotes.toscrape.com/author/Charles-Bukowski/"},
{"fullname": "W.C. Fields", "born_date": "January 29, 1880", "born_location": "in Darby, Pennsylvania, The United States", "author_url_description": "http://quotes.toscrape.com/author/W-C-Fields/"},
{"fullname": "Ayn Rand", "born_date": "February 02, 1905", "born_location": "in St. Petersburg, Russian Federation", "author_url_description": "http://quotes.toscrape.com/author/Ayn-Rand/"},
{"fullname": "John Lennon", "born_date": "October 09, 1940", "born_location": "in Liverpool, England, The United Kingdom", "author_url_description": "http://quotes.toscrape.com/author/John-Lennon/"},
{"fullname": "George Carlin", "born_date": "May 12, 1937", "born_location": "in New York, New York, The United States", "author_url_description": "http://quotes.toscrape.com/author/George-Carlin/"},
{"fullname": "J.D. Salinger", "born_date": "January 01, 1919", "born_location": "in Manhattan, New York, The United States", "author_url_description": "http://quotes.toscrape.com/author/J-D-Salinger/"},
{"fullname": "Terry Pratchett", "born_date": "April 28, 1948", "born_location": "in Beaconsfield, Buckinghamshire, England, The United Kingdom", "author_url_description": "http://quotes.toscrape.com/author/Terry-Pratchett/"},
{"fullname": "Alfred Tennyson", "born_date": "August 06, 1809", "born_location": "in Somersby, Lincolnshire, The United Kingdom", "author_url_description": "http://quotes.toscrape.com/author/Alfred-Tennyson/"},
{"fullname": "Jimi Hendrix", "born_date": "November 27, 1942", "born_location": "in Seattle, Washington, The United States", "author_url_description": "http://quotes.toscrape.com/author/Jimi-Hendrix/"},
{"fullname": "Khaled Hosseini", "born_date": "March 04, 1965", "born_location": "in Kabul, Afghanistan", "author_url_description": "http://quotes.toscrape.com/author/Khaled-Hosseini/"},
{"fullname": "J.M. Barrie", "born_date": "May 09, 1860", "born_location": "in Kirriemuir, Angus, Scotland, The United Kingdom", "author_url_description": "http://quotes.toscrape.com/author/J-M-Barrie/"},
{"fullname": "E.E. Cummings", "born_date": "October 14, 1894", "born_location": "in Cambridge, Massachusetts, The United States", "author_url_description": "http://quotes.toscrape.com/author/E-E-Cummings/"},
{"fullname": "Harper Lee", "born_date": "April 28, 1926", "born_location": "in Monroeville, Alabama, The United States", "author_url_description": "http://quotes.toscrape.com/author/Harper-Lee/"},
{"fullname": "Madeleine L'Engle", "born_date": "November 29, 1918", "born_location": "in New York City, New York, The United States", "author_url_description": "http://quotes.toscrape.com/author/Madeleine-LEngle/"}
]